frame,id,class_id,class_name,team,confidence,x1,y1,x2,y2
1,2,2,Player,,,433,287,449,317
1,3,2,Player,,,428,189,444,215
1,4,2,Player,,,952,382,965,419
1,5,1,Keeper,,,99,308,116,344
1,6,2,Player,,,878,421,894,459
1,7,2,Player,,0.7622658014297485,526,303,540,337
1,8,2,Player,,,622,360,634,395
1,9,2,Player,,,557,298,569,329
1,10,2,Player,,0.7135065197944641,711,324,725,356
1,11,2,Player,,,579,367,593,402
1,12,2,Player,,,917,316,929,345
1,13,2,Player,,,328,525,342,562
1,14,2,Player,,,792,196,804,223
1,15,2,Player,,,874,622,890,663
1,16,2,Player,,,948,526,963,565
1,17,2,Player,,,460,251,475,278
1,18,2,Player,,,540,213,551,235
1,20,2,Player,,,732,460,747,499
1,22,2,Player,,,947,254,959,285
1,24,2,Player,,,853,200,868,228
1,38,2,Player,,,927,335,941,372
1,47,3,Ref,,,502,131,513,153
1,48,2,Player,,,975,254,987,284
1,57,2,Player,,,589,262,600,292
2,2,2,Player,,,434,287,450,317
2,3,2,Player,,,427,189,444,215
2,4,2,Player,,,952,382,965,419
2,5,1,Keeper,,,99,308,116,344
2,6,2,Player,,,877,421,893,459
2,7,2,Player,,0.7637194395065308,526,304,539,337
2,8,2,Player,,,622,360,634,395
2,9,2,Player,,,556,298,569,329
2,10,2,Player,,0.7269383072853088,709,324,723,357
2,11,2,Player,,,580,367,593,402
2,12,2,Player,,,916,316,928,345
2,13,2,Player,,,328,524,342,562
2,14,2,Player,,,790,196,802,224
2,15,2,Player,,,874,622,890,663
2,16,2,Player,,,948,526,963,565
2,17,2,Player,,,461,250,476,277
2,18,2,Player,,,540,213,550,235
2,20,2,Player,,,732,460,747,499
2,22,2,Player,,,946,254,959,285
2,24,2,Player,,,851,200,866,228
2,38,2,Player,,,926,335,941,372
2,47,3,Ref,,,502,131,513,154
2,48,2,Player,,,975,254,986,283
2,57,2,Player,,,589,262,601,291
2,59,2,Player,,0.7863572239875793,429,543,450,587
2,60,2,Player,,0.6853076219558716,839,415,854,448
2,61,1,Keeper,,0.73713618516922,127,321,145,361
2,62,2,Player,,0.7474687099456787,886,499,901,542
2,63,2,Player,,0.7465185523033142,758,323,770,354
2,64,2,Player,,0.7261407971382141,836,367,849,403
2,65,2,Player,,0.6707953810691833,574,328,589,358
2,66,2,Player,,0.7101348638534546,653,375,666,410
2,67,3,Ref,,0.7238556146621704,736,380,750,412
2,68,2,Player,,0.7264460325241089,462,412,478,448
2,69,2,Player,,0.7126011252403259,597,201,609,229
2,70,2,Player,,0.705195963382721,466,484,480,525
2,71,2,Player,,0.699232816696167,948,480,963,518
2,72,2,Player,,0.7023649215698242,479,343,495,377
2,73,2,Player,,0.5882304310798645,568,246,582,275
2,74,2,Player,,0.6453264355659485,949,301,969,336
2,75,2,Player,,0.522846519947052,984,344,1002,381
2,76,3,Ref,,0.37561190128326416,612,143,625,170
2,77,2,Player,,0.7493944764137268,687,354,707,386
3,2,2,Player,,,435,287,451,317
3,3,2,Player,,,427,189,443,215
3,4,2,Player,,,952,382,965,418
3,5,1,Keeper,,,100,308,116,344
3,6,2,Player,,,877,420,893,459
3,7,2,Player,,0.7823342084884644,524,304,538,337
3,8,2,Player,,,622,360,634,395
3,9,2,Player,,,556,298,569,329
3,10,2,Player,,0.7264050841331482,707,324,722,358
3,11,2,Player,,,580,367,593,401
3,12,2,Player,,,916,316,927,345
3,13,2,Player,,,329,524,343,561
3,14,2,Player,,,789,197,801,224
3,15,2,Player,,,874,622,889,662
3,16,2,Player,,,948,526,963,564
3,17,2,Player,,,463,250,478,277
3,18,2,Player,,,539,212,549,234
3,20,2,Player,,,732,460,747,498
3,22,2,Player,,,945,254,958,285
3,24,2,Player,,,848,200,864,229
3,38,2,Player,,,926,335,941,372
3,47,3,Ref,,,503,132,513,154
3,48,2,Player,,,974,254,986,283
3,57,2,Player,,,590,261,601,291
3,59,2,Player,,0.7752229571342468,430,544,451,587
3,60,2,Player,,0.7568548321723938,841,415,856,448
3,61,1,Keeper,,0.7295262813568115,127,321,145,361
3,62,2,Player,,0.7444846034049988,886,499,901,542
3,63,2,Player,,0.7483768463134766,758,323,770,354
3,64,2,Player,,0.7233693599700928,836,367,849,404
3,65,2,Player,,0.6750117540359497,575,328,590,359
3,66,2,Player,,0.7242732644081116,653,375,666,411
3,67,3,Ref,,0.7176346778869629,736,380,749,412
3,68,2,Player,,0.6855902671813965,461,412,477,448
3,69,2,Player,,0.7170968055725098,597,201,609,230
3,70,2,Player,,0.7103258967399597,466,485,480,525
3,71,2,Player,,0.7075455784797668,948,482,963,519
3,72,2,Player,,0.7302857637405396,479,343,495,377
3,73,2,Player,,0.6072402596473694,567,246,582,275
3,74,2,Player,,0.7475371956825256,950,300,970,336
3,75,2,Player,,0.5503000020980835,986,344,1004,380
3,76,3,Ref,,0.33140936493873596,612,142,625,169
3,77,2,Player,,0.6750360131263733,690,354,709,386
4,2,2,Player,,,436,287,452,317
4,3,2,Player,,,426,189,443,215
4,4,2,Player,,,952,382,965,418
4,5,1,Keeper,,,100,308,116,344
4,6,2,Player,,,877,420,893,459
4,7,2,Player,,0.7889767289161682,524,304,538,337
4,8,2,Player,,,622,360,634,394
4,9,2,Player,,,556,298,568,329
4,10,2,Player,,0.7135297060012817,707,324,722,359
4,11,2,Player,,,580,367,594,401
4,12,2,Player,,,915,316,927,345
4,13,2,Player,,,329,524,343,561
4,14,2,Player,,,787,198,799,225
4,15,2,Player,,,873,621,889,662
4,16,2,Player,,,948,526,963,564
4,17,2,Player,,,464,250,479,276
4,18,2,Player,,,538,212,549,233
4,20,2,Player,,,732,460,747,498
4,22,2,Player,,,944,254,957,285
4,24,2,Player,,,846,200,862,229
4,38,2,Player,,,926,335,941,372
4,47,3,Ref,,,503,132,513,154
4,48,2,Player,,,974,254,985,283
4,57,2,Player,,,591,261,602,291
4,59,2,Player,,0.7571718096733093,432,544,453,586
4,60,2,Player,,0.7859816551208496,842,415,858,449
4,61,1,Keeper,,0.7265114188194275,127,321,145,362
4,62,2,Player,,0.7407209873199463,886,500,900,543
4,63,2,Player,,0.7457520961761475,758,323,770,354
4,64,2,Player,,0.7241111993789673,836,367,849,404
4,65,2,Player,,0.6418611407279968,577,329,592,359
4,66,2,Player,,0.7183910012245178,652,376,666,412
4,67,3,Ref,,0.7269537448883057,736,380,749,413
4,68,2,Player,,0.671238124370575,459,413,475,448
4,69,2,Player,,0.7158495187759399,596,201,608,230
4,70,2,Player,,0.7153077125549316,466,485,479,525
4,71,2,Player,,0.7081647515296936,946,484,960,520
4,72,2,Player,,0.7281252145767212,478,343,494,377
4,73,2,Player,,0.6493244171142578,567,246,582,275
4,74,2,Player,,0.7047233581542969,952,300,971,336
4,75,2,Player,,0.6277010440826416,988,344,1005,380
4,76,3,Ref,,,612,142,625,169
4,77,2,Player,,0.5472005605697632,692,355,711,386
4,78,2,Player,,0.5546111464500427,979,346,996,384
5,2,2,Player,,,437,287,453,318
5,3,2,Player,,,426,189,442,215
5,4,2,Player,,,952,382,965,418
5,5,1,Keeper,,,100,308,116,344
5,6,2,Player,,,877,420,893,459
5,7,2,Player,,0.7922917008399963,523,304,537,337
5,8,2,Player,,,622,360,634,394
5,9,2,Player,,,556,299,568,330
5,10,2,Player,,0.6677858233451843,706,324,721,359
5,11,2,Player,,,580,367,594,401
5,12,2,Player,,,914,316,926,345
5,13,2,Player,,,329,524,343,560
5,14,2,Player,,,785,198,798,226
5,15,2,Player,,,873,621,889,662
5,16,2,Player,,,948,526,962,564
5,17,2,Player,,,466,250,480,276
5,18,2,Player,,,538,212,548,233
5,20,2,Player,,,731,459,747,498
5,22,2,Player,,,944,254,956,285
5,24,2,Player,,,844,200,860,229
5,38,2,Player,,,926,335,941,371
5,47,3,Ref,,,503,132,513,154
5,48,2,Player,,,973,254,985,283
5,57,2,Player,,,591,261,603,290
5,59,2,Player,,0.7118098139762878,434,543,454,585
5,60,2,Player,,0.7874014973640442,843,415,859,450
5,61,1,Keeper,,0.7236036658287048,127,322,145,362
5,62,2,Player,,0.733303964138031,885,501,900,543
5,63,2,Player,,0.7434136271476746,758,323,770,354
5,64,2,Player,,0.7172661423683167,836,368,849,404
5,65,2,Player,,0.6365645527839661,579,329,594,360
5,66,2,Player,,0.708903968334198,651,377,665,413
5,67,3,Ref,,0.7228682637214661,735,381,749,413
5,68,2,Player,,0.6057928204536438,457,413,473,449
5,69,2,Player,,0.718734085559845,596,201,608,230
5,70,2,Player,,0.7200676798820496,466,485,479,525
5,71,2,Player,,0.7038314938545227,945,485,959,520
5,72,2,Player,,0.7213821411132812,478,344,494,377
5,73,2,Player,,0.6639360785484314,567,245,581,274
5,74,2,Player,,0.6533779501914978,953,299,973,335
5,75,2,Player,,0.6292803883552551,989,344,1006,380
5,76,3,Ref,,,612,142,625,169
5,77,2,Player,,0.4898735284805298,695,354,714,386
5,78,2,Player,,0.5844796299934387,979,347,996,384
6,2,2,Player,,,438,287,454,318
6,3,2,Player,,,425,189,442,215
6,4,2,Player,,,952,382,965,417
6,5,1,Keeper,,,100,308,117,344
6,6,2,Player,,,877,420,893,459
6,7,2,Player,,0.7898852825164795,523,304,537,337
6,8,2,Player,,,622,360,633,394
6,9,2,Player,,,556,299,568,330
6,10,2,Player,,0.6799801588058472,706,324,721,359
6,11,2,Player,,,581,367,594,401
6,12,2,Player,,,914,316,925,344
6,13,2,Player,,,330,524,343,560
6,14,2,Player,,,784,199,797,227
6,15,2,Player,,,872,621,888,662
6,16,2,Player,,,948,526,962,564
6,17,2,Player,,,467,249,482,276
6,18,2,Player,,,537,211,547,232
6,20,2,Player,,,731,459,746,498
6,22,2,Player,,,943,254,955,285
6,24,2,Player,,,842,200,858,229
6,38,2,Player,,,926,335,940,371
6,47,3,Ref,,,503,132,513,154
6,48,2,Player,,,973,254,984,282
6,57,2,Player,,,592,260,603,290
6,59,2,Player,,0.6611502766609192,436,542,455,585
6,60,2,Player,,0.7871037125587463,844,416,861,450
6,61,1,Keeper,,0.7181764841079712,127,322,145,362
6,62,2,Player,,0.7316418886184692,885,502,899,544
6,63,2,Player,,0.7489969730377197,758,323,770,354
6,64,2,Player,,0.7176654934883118,836,368,848,403
6,65,2,Player,,0.6255906224250793,580,329,595,359
6,66,2,Player,,0.7021290063858032,650,377,664,414
6,67,3,Ref,,0.7341657280921936,735,381,748,413
6,68,2,Player,,0.6319090723991394,455,414,471,449
6,69,2,Player,,0.717228353023529,596,201,608,230
6,70,2,Player,,0.7255913019180298,466,486,479,525
6,71,2,Player,,0.7172160148620605,944,487,957,520
6,72,2,Player,,0.7314733266830444,477,344,493,377
6,73,2,Player,,0.6688866019248962,567,245,581,274
6,74,2,Player,,0.7161980271339417,955,299,974,335
6,75,2,Player,,0.6463912725448608,989,345,1006,381
6,76,3,Ref,,,612,141,625,169
6,77,2,Player,,0.6021840572357178,698,353,717,386
6,78,2,Player,,0.5631538033485413,980,347,996,383
7,2,2,Player,,,439,287,455,318
7,3,2,Player,,,425,189,441,215
7,4,2,Player,,,952,381,965,417
7,5,1,Keeper,,,100,308,117,344
7,6,2,Player,,,877,420,893,459
7,7,2,Player,,0.7879927158355713,523,304,537,337
7,8,2,Player,,,621,360,633,394
7,9,2,Player,,,556,299,568,330
7,10,2,Player,,0.5916938185691833,706,324,721,360
7,11,2,Player,,,581,367,595,401
7,12,2,Player,,,913,317,925,344
7,13,2,Player,,,330,523,344,560
7,14,2,Player,,,782,199,795,228
7,15,2,Player,,,872,621,888,662
7,16,2,Player,,,947,525,962,564
7,17,2,Player,,,469,249,483,275
7,18,2,Player,,,537,211,546,232
7,20,2,Player,,,731,459,746,498
7,22,2,Player,,,942,254,955,285
7,24,2,Player,,,840,201,856,229
7,38,2,Player,,,926,335,940,371
7,47,3,Ref,,,503,132,514,154
7,48,2,Player,,,972,254,984,282
7,57,2,Player,,,592,260,604,290
7,59,2,Player,,0.6164470911026001,438,540,458,584
7,60,2,Player,,0.771393358707428,846,416,863,452
7,61,1,Keeper,,0.71613609790802,127,322,145,362
7,62,2,Player,,0.7217850089073181,884,503,899,545
7,63,2,Player,,0.7445486783981323,758,322,770,354
7,64,2,Player,,0.7185174822807312,835,368,848,404
7,65,2,Player,,0.5857170820236206,582,330,597,359
7,66,2,Player,,0.687901496887207,650,378,664,414
7,67,3,Ref,,0.7346788048744202,735,381,748,414
7,68,2,Player,,0.6542601585388184,453,414,469,449
7,69,2,Player,,0.7214820981025696,596,201,608,230
7,70,2,Player,,0.7273264527320862,465,486,479,525
7,71,2,Player,,0.7383602261543274,943,488,956,520
7,72,2,Player,,0.7297801375389099,477,344,492,377
7,73,2,Player,,0.6847301125526428,567,245,581,274
7,74,2,Player,,0.7683032155036926,956,299,975,335
7,75,2,Player,,0.642655074596405,990,346,1007,382
7,76,3,Ref,,,612,141,625,168
7,77,2,Player,,0.4237082302570343,700,353,719,386
7,78,2,Player,,0.5489240288734436,980,347,997,383
8,2,2,Player,,,440,287,456,318
8,3,2,Player,,,424,189,441,215
8,4,2,Player,,,952,381,965,417
8,5,1,Keeper,,,100,308,117,344
8,6,2,Player,,,877,420,893,459
8,7,2,Player,,0.7857614159584045,522,304,537,337
8,8,2,Player,,,621,359,633,394
8,9,2,Player,,,555,299,568,330
8,10,2,Player,,0.5998348593711853,705,325,720,360
8,11,2,Player,,,581,366,595,401
8,12,2,Player,,,913,317,924,344
8,13,2,Player,,,330,523,344,559
8,14,2,Player,,,780,200,794,229
8,15,2,Player,,,872,620,887,661
8,16,2,Player,,,947,525,962,563
8,17,2,Player,,,470,249,485,275
8,18,2,Player,,,536,210,546,231
8,20,2,Player,,,731,459,746,498
8,22,2,Player,,,941,254,954,284
8,24,2,Player,,,838,201,854,230
8,38,2,Player,,,926,335,940,371
8,47,3,Ref,,,504,132,514,154
8,48,2,Player,,,972,253,983,282
8,57,2,Player,,,593,259,605,289
8,59,2,Player,,0.7355720400810242,440,538,459,583
8,60,2,Player,,0.7536024451255798,848,417,865,452
8,61,1,Keeper,,0.7228280901908875,127,322,145,362
8,62,2,Player,,0.714583694934845,884,503,898,545
8,63,2,Player,,0.753336489200592,758,322,770,354
8,64,2,Player,,0.7113186717033386,835,368,848,404
8,65,2,Player,,0.6034145355224609,584,331,599,360
8,66,2,Player,,0.6781821250915527,649,378,663,414
8,67,3,Ref,,0.7323852181434631,734,381,748,414
8,68,2,Player,,0.6684733629226685,452,414,467,449
8,69,2,Player,,0.7269504070281982,596,201,608,231
8,70,2,Player,,0.7225955724716187,465,486,478,525
8,71,2,Player,,0.7560730576515198,942,487,956,521
8,72,2,Player,,0.7318229675292969,476,343,492,377
8,73,2,Player,,0.7278951406478882,567,244,581,274
8,74,2,Player,,0.7611114382743835,957,298,976,335
8,75,2,Player,,0.6621246337890625,990,346,1007,382
8,76,3,Ref,,,612,141,625,168
8,77,2,Player,,0.46664154529571533,701,353,720,386
8,78,2,Player,,0.5895304679870605,980,347,996,383
9,2,2,Player,,,441,287,457,318
9,3,2,Player,,,424,189,440,216
9,4,2,Player,,,952,381,965,416
9,5,1,Keeper,,,101,308,117,344
9,6,2,Player,,,877,420,893,459
9,7,2,Player,,0.7762967944145203,522,304,536,337
9,8,2,Player,,,621,359,633,393
9,9,2,Player,,,555,299,568,330
9,10,2,Player,,0.655589759349823,705,324,720,360
9,11,2,Player,,,582,366,595,401
9,12,2,Player,,,912,317,923,344
9,13,2,Player,,,331,523,344,559
9,14,2,Player,,,779,201,792,230
9,15,2,Player,,,871,620,887,661
9,16,2,Player,,,947,525,962,563
9,17,2,Player,,,472,249,486,274
9,18,2,Player,,,535,210,545,230
9,20,2,Player,,,731,459,746,497
9,22,2,Player,,,941,254,953,284
9,24,2,Player,,,836,201,852,230
9,38,2,Player,,,926,335,940,371
9,47,3,Ref,,,504,133,514,154
9,48,2,Player,,,972,253,983,282
9,57,2,Player,,,594,259,605,289
9,59,2,Player,,0.7481788992881775,442,538,461,581
9,60,2,Player,,0.7576685547828674,849,418,866,451
9,61,1,Keeper,,0.7228121757507324,127,322,145,362
9,62,2,Player,,0.7158331274986267,883,503,897,545
9,63,2,Player,,0.763601541519165,758,322,770,353
9,64,2,Player,,0.7131854295730591,835,368,848,403
9,65,2,Player,,0.6747934222221375,586,331,601,361
9,66,2,Player,,0.6760678291320801,648,378,662,415
9,67,3,Ref,,0.738713264465332,734,381,748,414
9,68,2,Player,,0.7226594686508179,450,414,466,448
9,69,2,Player,,0.7240633368492126,596,201,608,231
9,70,2,Player,,0.7164992094039917,465,486,478,525
9,71,2,Player,,0.7743678689002991,940,487,954,522
9,72,2,Player,,0.7327663898468018,476,343,491,376
9,73,2,Player,,0.7307794094085693,567,244,581,273
9,74,2,Player,,0.7587547898292542,958,298,977,335
9,75,2,Player,,0.6646420359611511,991,346,1008,382
9,76,3,Ref,,,612,141,625,168
9,77,2,Player,,0.511252224445343,703,355,720,386
9,78,2,Player,,0.5904061198234558,980,347,996,383
10,2,2,Player,,,442,287,458,318
10,3,2,Player,,,423,189,440,216
10,4,2,Player,,,952,381,964,416
10,5,1,Keeper,,,101,307,117,344
10,6,2,Player,,,877,420,893,459
10,7,2,Player,,0.7759498357772827,522,304,536,337
10,8,2,Player,,,621,359,633,393
10,9,2,Player,,,555,299,567,330
10,10,2,Player,,0.6519449353218079,705,324,720,360
10,11,2,Player,,,582,366,595,400
10,12,2,Player,,,912,317,923,344
10,13,2,Player,,,331,523,344,558
10,14,2,Player,,,777,201,791,231
10,15,2,Player,,,871,620,887,661
10,16,2,Player,,,947,525,962,563
10,17,2,Player,,,473,248,487,274
10,18,2,Player,,,535,210,544,230
10,20,2,Player,,,731,459,746,497
10,22,2,Player,,,940,254,952,284
10,24,2,Player,,,834,201,850,230
10,38,2,Player,,,925,335,940,371
10,47,3,Ref,,,504,133,514,154
10,48,2,Player,,,971,253,982,281
10,57,2,Player,,,594,259,606,288
10,59,2,Player,,0.7435663938522339,443,537,461,580
10,60,2,Player,,0.7566127777099609,850,418,866,451
10,61,1,Keeper,,0.7205294370651245,127,322,145,362
10,62,2,Player,,0.7152840495109558,883,503,897,545
10,63,2,Player,,0.7637282609939575,758,321,770,353
10,64,2,Player,,0.7117796540260315,835,368,847,403
10,65,2,Player,,0.6742745637893677,587,331,601,361
10,66,2,Player,,0.6764715313911438,648,378,662,415
10,67,3,Ref,,0.7374423742294312,734,381,747,414
10,68,2,Player,,0.7222084999084473,450,414,466,448
10,69,2,Player,,0.7242754697799683,596,202,608,231
10,70,2,Player,,0.7169083952903748,465,486,478,525
10,71,2,Player,,0.7763358950614929,939,486,954,522
10,72,2,Player,,0.7306976318359375,476,343,491,376
10,73,2,Player,,0.732483446598053,567,243,581,273
10,74,2,Player,,0.7589537501335144,958,298,977,335
10,75,2,Player,,0.6638831496238708,991,346,1008,382
10,76,3,Ref,,,612,140,625,168
10,77,2,Player,,0.5148674249649048,703,355,721,386
10,78,2,Player,,0.5888542532920837,980,347,996,383
11,2,2,Player,,,443,287,459,318
11,3,2,Player,,,422,189,439,216
11,4,2,Player,,,952,381,964,415
11,5,1,Keeper,,,101,307,118,343
11,6,2,Player,,,877,420,893,459
11,7,2,Player,,0.7004750967025757,521,303,536,337
11,8,2,Player,,,621,359,633,393
11,9,2,Player,,,555,299,567,330
11,10,2,Player,,0.6561075448989868,704,324,719,361
11,11,2,Player,,,582,366,596,400
11,12,2,Player,,,911,317,922,344
11,13,2,Player,,,331,522,345,558
11,14,2,Player,,,776,202,789,232
11,15,2,Player,,,870,620,886,661
11,16,2,Player,,,947,525,961,563
11,17,2,Player,,,475,248,489,274
11,18,2,Player,,,534,209,543,229
11,20,2,Player,,,731,459,746,497
11,22,2,Player,,,939,254,951,284
11,24,2,Player,,,832,201,848,230
11,38,2,Player,,,925,335,940,371
11,47,3,Ref,,,504,133,514,155
11,48,2,Player,,,971,253,982,281
11,57,2,Player,,,595,258,606,288
11,59,2,Player,,0.7529802322387695,445,537,464,580
11,60,2,Player,,0.7319616079330444,852,419,869,452
11,61,1,Keeper,,0.7283834218978882,127,321,145,361
11,62,2,Player,,0.7197408676147461,881,503,896,544
11,63,2,Player,,0.7689011693000793,757,321,770,352
11,64,2,Player,,0.7123028635978699,834,368,847,403
11,65,2,Player,,0.6770731806755066,588,330,603,360
11,66,2,Player,,0.6847065687179565,646,378,661,415
11,67,3,Ref,,0.7353521585464478,733,382,746,415
11,68,2,Player,,0.7603084444999695,447,413,464,448
11,69,2,Player,,0.7151853442192078,596,201,608,230
11,70,2,Player,,0.7234413623809814,463,484,477,524
11,71,2,Player,,0.6777322292327881,936,487,952,524
11,72,2,Player,,0.7002207636833191,474,343,489,375
11,73,2,Player,,0.7738562822341919,566,243,580,273
11,74,2,Player,,0.7595651745796204,959,298,977,334
11,75,2,Player,,0.6848492622375488,992,346,1008,382
11,76,3,Ref,,,611,140,624,168
11,77,2,Player,,0.5912440419197083,705,357,722,385
11,78,2,Player,,0.5993589162826538,979,346,996,382
12,2,2,Player,,,444,287,460,318
12,3,2,Player,,,422,189,439,216
12,4,2,Player,,,952,380,964,415
12,5,1,Keeper,,,101,307,118,343
12,6,2,Player,,,876,419,893,459
12,7,2,Player,,0.7093191146850586,520,302,535,337
12,8,2,Player,,,621,359,633,393
12,9,2,Player,,,555,300,567,331
12,10,2,Player,,0.7557295560836792,703,324,719,361
12,11,2,Player,,,582,366,596,400
12,12,2,Player,,,911,317,921,344
12,13,2,Player,,,332,522,345,557
12,14,2,Player,,,774,202,788,233
12,15,2,Player,,,870,620,886,661
12,16,2,Player,,,947,525,961,563
12,17,2,Player,,,476,248,490,273
12,18,2,Player,,,533,209,543,229
12,20,2,Player,,,730,458,746,497
12,22,2,Player,,,938,254,951,284
12,24,2,Player,,,830,201,846,230
12,38,2,Player,,,925,335,940,371
12,47,3,Ref,,,504,133,514,155
12,48,2,Player,,,970,253,981,281
12,57,2,Player,,,595,258,607,288
12,59,2,Player,,0.7699031829833984,447,536,465,579
12,60,2,Player,,0.7061686515808105,854,419,870,452
12,61,1,Keeper,,0.7360021471977234,127,321,145,360
12,62,2,Player,,0.7306396961212158,880,503,894,544
12,63,2,Player,,0.7790482044219971,757,321,769,353
12,64,2,Player,,0.7219557762145996,833,368,846,403
12,65,2,Player,,0.7126634120941162,588,330,603,360
12,66,2,Player,,0.6913055181503296,645,378,660,415
12,67,3,Ref,,0.732329785823822,732,382,745,415
12,68,2,Player,,0.7938922047615051,446,413,463,448
12,69,2,Player,,0.7117262482643127,595,200,607,230
12,70,2,Player,,0.6900597810745239,461,480,476,524
12,71,2,Player,,0.7104753255844116,934,488,950,527
12,72,2,Player,,0.6055278778076172,473,343,488,376
12,73,2,Player,,0.7853716015815735,566,243,580,273
12,74,2,Player,,0.7644509673118591,959,298,977,334
12,75,2,Player,,0.6955450177192688,992,346,1009,382
12,76,3,Ref,,,611,140,624,167
12,77,2,Player,,0.7028966546058655,707,359,723,385
12,78,2,Player,,0.6103290915489197,979,345,995,381
13,2,2,Player,,,445,287,461,318
13,3,2,Player,,,421,189,438,216
13,4,2,Player,,,952,380,964,415
13,5,1,Keeper,,,101,307,118,343
13,6,2,Player,,,876,419,893,459
13,7,2,Player,,0.706389844417572,520,302,535,337
13,8,2,Player,,,621,359,633,393
13,9,2,Player,,,555,300,567,331
13,10,2,Player,,0.7530045509338379,703,325,718,360
13,11,2,Player,,,583,366,596,400
13,12,2,Player,,,910,317,921,344
13,13,2,Player,,,332,522,345,557
13,14,2,Player,,,772,203,786,234
13,15,2,Player,,,869,619,885,660
13,16,2,Player,,,946,525,961,563
13,17,2,Player,,,478,248,492,273
13,18,2,Player,,,533,209,542,228
13,20,2,Player,,,730,458,745,497
13,22,2,Player,,,937,254,950,284
13,24,2,Player,,,828,201,843,231
13,38,2,Player,,,925,335,939,371
13,47,3,Ref,,,505,133,515,155
13,48,2,Player,,,970,253,981,281
13,57,2,Player,,,596,257,608,287
13,59,2,Player,,0.7827315330505371,448,536,466,579
13,60,2,Player,,0.647744357585907,856,420,872,452
13,61,1,Keeper,,0.7340306639671326,127,320,145,360
13,62,2,Player,,0.713403046131134,880,503,894,543
13,63,2,Player,,0.7763863801956177,757,321,769,353
13,64,2,Player,,0.7391869425773621,833,369,845,404
13,65,2,Player,,0.669640302658081,590,330,605,360
13,66,2,Player,,0.6952752470970154,644,378,659,415
13,67,3,Ref,,0.7224445939064026,731,382,745,415
13,68,2,Player,,0.7945438623428345,445,413,462,448
13,69,2,Player,,0.7061623334884644,595,200,607,229
13,70,2,Player,,0.7472378611564636,459,479,475,523
13,71,2,Player,,0.7025288939476013,932,489,948,528
13,72,2,Player,,0.7126325368881226,471,343,487,376
13,73,2,Player,,0.7786391377449036,565,242,579,273
13,74,2,Player,,0.7685396075248718,959,298,978,335
13,75,2,Player,,0.696334958076477,993,346,1009,381
13,76,3,Ref,,,611,140,624,167
13,77,2,Player,,0.6424558758735657,708,358,725,384
13,78,2,Player,,0.6288782358169556,979,345,995,381
14,2,2,Player,,,446,287,462,318
14,3,2,Player,,,421,189,438,216
14,4,2,Player,,,952,380,964,414
14,5,1,Keeper,,,102,307,118,343
14,6,2,Player,,,876,419,893,459
14,7,2,Player,,0.7082014083862305,520,302,535,337
14,8,2,Player,,,621,359,633,393
14,9,2,Player,,,554,300,567,331
14,10,2,Player,,0.7515604496002197,702,325,717,360
14,11,2,Player,,,583,366,596,400
14,12,2,Player,,,909,318,920,344
14,13,2,Player,,,333,522,345,556
14,14,2,Player,,,771,204,785,235
14,15,2,Player,,,869,619,885,660
14,16,2,Player,,,946,525,961,562
14,17,2,Player,,,479,248,493,272
14,18,2,Player,,,532,208,541,228
14,20,2,Player,,,730,458,745,497
14,22,2,Player,,,937,254,949,284
14,24,2,Player,,,826,201,841,231
14,38,2,Player,,,925,335,939,371
14,47,3,Ref,,,505,134,515,155
14,48,2,Player,,,969,253,980,281
14,57,2,Player,,,597,257,608,287
14,59,2,Player,,0.7815793752670288,449,536,467,579
14,60,2,Player,,0.7424009442329407,858,419,874,452
14,61,1,Keeper,,0.7259515523910522,127,320,145,360
14,62,2,Player,,0.7212995290756226,879,503,893,543
14,63,2,Player,,0.7797627449035645,756,321,769,353
14,64,2,Player,,0.7427409887313843,832,369,845,404
14,65,2,Player,,0.6911804676055908,591,330,606,360
14,66,2,Player,,0.7193976640701294,643,378,658,415
14,67,3,Ref,,0.6879540681838989,731,382,744,416
14,68,2,Player,,0.785287082195282,443,413,461,449
14,69,2,Player,,0.7192726135253906,595,200,607,229
14,70,2,Player,,0.6353702545166016,457,477,473,522
14,71,2,Player,,0.7064242362976074,931,491,947,529
14,72,2,Player,,0.7420259118080139,471,343,486,376
14,73,2,Player,,0.7835529446601868,565,242,579,272
14,74,2,Player,,0.7723947167396545,960,298,978,335
14,75,2,Player,,0.7133908867835999,993,346,1009,381
14,76,3,Ref,,,611,139,624,167
14,77,2,Player,,0.6865991950035095,710,355,729,384
14,78,2,Player,,0.6292240023612976,979,345,995,381
15,2,2,Player,,,447,287,463,318
15,3,2,Player,,,420,189,437,216
15,4,2,Player,,,952,380,964,414
15,5,1,Keeper,,,102,307,118,343
15,6,2,Player,,,876,419,893,459
15,7,2,Player,,0.7041058540344238,519,302,534,336
15,8,2,Player,,,621,359,633,392
15,9,2,Player,,,554,300,567,331
15,10,2,Player,,0.7491952180862427,702,325,716,360
15,11,2,Player,,,583,365,597,400
15,12,2,Player,,,909,318,919,344
15,13,2,Player,,,333,521,346,556
15,14,2,Player,,,769,204,783,236
15,15,2,Player,,,869,619,884,660
15,16,2,Player,,,946,525,961,562
15,17,2,Player,,,481,247,494,272
15,18,2,Player,,,531,208,540,227
15,20,2,Player,,,730,458,745,497
15,22,2,Player,,,936,254,948,284
15,24,2,Player,,,824,201,839,231
15,38,2,Player,,,925,335,939,371
15,47,3,Ref,,,505,134,515,155
15,48,2,Player,,,969,253,980,280
15,57,2,Player,,,597,257,609,286
15,59,2,Player,,0.7695041298866272,451,536,468,578
15,60,2,Player,,0.767505407333374,858,419,875,453
15,61,1,Keeper,,0.737410843372345,127,320,145,359
15,62,2,Player,,0.7285244464874268,878,503,892,544
15,63,2,Player,,0.7738664150238037,756,321,769,352
15,64,2,Player,,0.7505539059638977,831,369,845,404
15,65,2,Player,,0.7180261611938477,593,330,608,361
15,66,2,Player,,0.7353757619857788,642,377,657,415
15,67,3,Ref,,0.6485403180122375,731,382,744,415
15,68,2,Player,,0.7779300808906555,442,413,460,449
15,69,2,Player,,0.7289015054702759,595,200,607,229
15,70,2,Player,,0.6437926292419434,456,477,472,521
15,71,2,Player,,0.7251723408699036,930,491,946,529
15,72,2,Player,,0.7611250877380371,470,343,485,376
15,73,2,Player,,0.786703884601593,565,241,579,272
15,74,2,Player,,0.7772075533866882,961,298,979,335
15,75,2,Player,,0.7289454936981201,993,345,1010,382
15,76,3,Ref,,,611,139,624,167
15,77,2,Player,,0.7530422210693359,713,353,732,383
15,78,2,Player,,0.6255826354026794,979,344,995,380
16,2,2,Player,,,447,287,464,318
16,3,2,Player,,,420,189,437,216
16,4,2,Player,,,952,380,964,414
16,5,1,Keeper,,,102,307,118,343
16,6,2,Player,,,876,419,893,460
16,7,2,Player,,0.714971661567688,519,301,534,336
16,8,2,Player,,,621,358,632,392
16,9,2,Player,,,554,300,566,331
16,10,2,Player,,0.7452442646026611,702,325,716,360
16,11,2,Player,,,583,365,597,400
16,12,2,Player,,,908,318,919,344
16,13,2,Player,,,333,521,346,556
16,14,2,Player,,,767,205,782,237
16,15,2,Player,,,868,619,884,660
16,16,2,Player,,,946,525,961,562
16,17,2,Player,,,482,247,496,272
16,18,2,Player,,,531,207,540,226
16,20,2,Player,,,730,458,745,496
16,22,2,Player,,,935,254,948,284
16,24,2,Player,,,821,201,837,231
16,38,2,Player,,,925,334,939,370
16,47,3,Ref,,,505,134,515,155
16,48,2,Player,,,968,252,979,280
16,57,2,Player,,,598,256,610,286
16,59,2,Player,,0.7493301033973694,453,536,470,578
16,60,2,Player,,0.7918874025344849,859,418,877,453
16,61,1,Keeper,,0.7437361478805542,127,319,145,358
16,62,2,Player,,0.7424020171165466,878,503,892,543
16,63,2,Player,,0.7766738533973694,756,320,768,352
16,64,2,Player,,0.7593798041343689,831,369,844,404
16,65,2,Player,,0.7354366183280945,593,330,609,361
16,66,2,Player,,0.7364450693130493,642,377,656,414
16,67,3,Ref,,0.5632291436195374,730,381,744,415
16,68,2,Player,,0.7716616988182068,440,413,459,448
16,69,2,Player,,0.731840193271637,595,200,607,229
16,70,2,Player,,0.6268923282623291,456,477,471,519
16,71,2,Player,,0.7360873818397522,929,491,945,529
16,72,2,Player,,0.7630270719528198,469,342,484,376
16,73,2,Player,,0.7823705077171326,565,241,579,271
16,74,2,Player,,0.7629897594451904,962,297,981,335
16,75,2,Player,,0.7355400919914246,994,345,1010,381
16,76,3,Ref,,,611,139,624,166
16,77,2,Player,,0.7683257460594177,715,352,735,382
16,78,2,Player,,0.6339935064315796,979,343,994,379
17,2,2,Player,,,448,287,465,318
17,3,2,Player,,,419,189,436,216
17,4,2,Player,,,952,380,964,413
17,5,1,Keeper,,,102,307,119,343
17,6,2,Player,,,876,419,893,460
17,7,2,Player,,0.7675402760505676,518,300,533,335
17,8,2,Player,,,621,358,632,392
17,9,2,Player,,,554,300,566,331
17,10,2,Player,,0.7445880770683289,701,324,715,359
17,11,2,Player,,,584,365,597,399
17,12,2,Player,,,908,318,918,344
17,13,2,Player,,,334,521,346,555
17,14,2,Player,,,766,205,780,238
17,15,2,Player,,,868,618,884,659
17,16,2,Player,,,946,524,960,562
17,17,2,Player,,,484,247,497,271
17,18,2,Player,,,530,207,539,226
17,20,2,Player,,,730,458,745,496
17,22,2,Player,,,934,254,947,284
17,24,2,Player,,,819,202,835,231
17,38,2,Player,,,925,334,939,370
17,47,3,Ref,,,505,134,515,155
17,48,2,Player,,,968,252,979,280
17,57,2,Player,,,598,256,610,286
17,59,2,Player,,0.7134513258934021,454,535,472,577
17,60,2,Player,,0.8068495988845825,859,418,878,455
17,61,1,Keeper,,0.7477211952209473,128,319,146,357
17,62,2,Player,,0.7606375217437744,877,503,891,543
17,63,2,Player,,0.778719961643219,755,320,768,352
17,64,2,Player,,0.7651354074478149,831,369,844,405
17,65,2,Player,,0.7549169659614563,594,330,609,360
17,66,2,Player,,0.7550204396247864,641,377,656,414
17,67,3,Ref,,0.5197272300720215,728,380,742,415
17,68,2,Player,,0.6760691404342651,438,412,457,448
17,69,2,Player,,0.7317408919334412,595,200,607,229
17,70,2,Player,,0.6658732891082764,455,476,470,517
17,71,2,Player,,0.7459874749183655,928,490,944,527
17,72,2,Player,,0.7668125629425049,468,342,484,376
17,73,2,Player,,0.7744656205177307,565,240,578,270
17,74,2,Player,,0.6403951644897461,962,296,982,335
17,75,2,Player,,0.7596761584281921,995,344,1011,380
17,76,3,Ref,,,611,139,624,166
17,77,2,Player,,0.7660596966743469,718,351,738,383
17,78,2,Player,,0.6230118870735168,979,343,993,377
18,2,2,Player,,,449,287,466,318
18,3,2,Player,,,419,189,436,216
18,4,2,Player,,,952,379,964,413
18,5,1,Keeper,,,102,307,119,343
18,6,2,Player,,,876,419,893,460
18,7,2,Player,,0.7708320021629333,517,300,533,335
18,8,2,Player,,,621,358,632,392
18,9,2,Player,,,554,300,566,331
18,10,2,Player,,0.7427271008491516,701,324,715,358
18,11,2,Player,,,584,365,597,399
18,12,2,Player,,,907,318,917,343
18,13,2,Player,,,334,521,347,555
18,14,2,Player,,,764,206,779,239
18,15,2,Player,,,867,618,883,659
18,16,2,Player,,,946,524,960,562
18,17,2,Player,,,485,247,499,271
18,18,2,Player,,,529,207,538,225
18,20,2,Player,,,730,458,745,496
18,22,2,Player,,,934,254,946,284
18,24,2,Player,,,817,202,833,232
18,38,2,Player,,,924,334,939,370
18,47,3,Ref,,,505,134,515,155
18,48,2,Player,,,967,252,978,280
18,57,2,Player,,,599,255,611,285
18,59,2,Player,,0.7109467387199402,455,535,473,577
18,60,2,Player,,0.8074960112571716,859,418,878,455
18,61,1,Keeper,,0.7470424175262451,128,319,146,357
18,62,2,Player,,0.7622765302658081,876,503,890,544
18,63,2,Player,,0.7775448560714722,755,320,768,352
18,64,2,Player,,0.7661912441253662,831,369,844,405
18,65,2,Player,,0.7552673816680908,594,330,610,360
18,66,2,Player,,0.7554168701171875,641,377,655,414
18,67,3,Ref,,0.5228904485702515,728,380,743,415
18,68,2,Player,,0.6748666763305664,437,411,456,448
18,69,2,Player,,0.7320914268493652,595,200,607,229
18,70,2,Player,,0.6666853427886963,455,476,470,516
18,71,2,Player,,0.7466087937355042,928,489,944,527
18,72,2,Player,,0.762852668762207,468,341,483,376
18,73,2,Player,,0.774268388748169,565,239,578,270
18,74,2,Player,,0.636134147644043,963,295,982,334
18,75,2,Player,,0.7603365182876587,995,344,1011,380
18,76,3,Ref,,,611,138,624,166
18,77,2,Player,,0.76759272813797,719,351,739,383
18,78,2,Player,,0.6228793859481812,979,343,993,376
19,2,2,Player,,,450,287,467,318
19,3,2,Player,,,418,189,435,216
19,4,2,Player,,,952,379,964,413
19,5,1,Keeper,,,103,307,119,343
19,6,2,Player,,,876,419,893,460
19,7,2,Player,,0.7432932257652283,517,299,532,335
19,8,2,Player,,,620,358,632,392
19,9,2,Player,,,554,300,566,331
19,10,2,Player,,0.7210178971290588,700,324,714,358
19,11,2,Player,,,584,365,598,399
19,12,2,Player,,,907,318,917,343
19,13,2,Player,,,334,520,347,554
19,14,2,Player,,,762,207,777,240
19,15,2,Player,,,867,618,883,659
19,16,2,Player,,,946,524,960,561
19,17,2,Player,,,487,246,500,270
19,18,2,Player,,,529,206,537,225
19,20,2,Player,,,729,457,745,496
19,22,2,Player,,,933,254,945,283
19,24,2,Player,,,815,202,831,232
19,38,2,Player,,0.6386498212814331,963,296,978,333
19,47,3,Ref,,,506,134,516,156
19,48,2,Player,,,967,252,978,279
19,57,2,Player,,,600,255,611,285
19,59,2,Player,,0.7103766798973083,456,533,473,574
19,60,2,Player,,0.8123087882995605,861,418,880,454
19,61,1,Keeper,,0.7691699266433716,128,319,147,357
19,62,2,Player,,0.7714502215385437,875,503,889,544
19,63,2,Player,,0.7783522605895996,754,319,767,352
19,64,2,Player,,0.7684181928634644,830,369,844,404
19,65,2,Player,,0.7236577272415161,596,331,612,360
19,66,2,Player,,0.7691014409065247,640,377,655,414
19,67,3,Ref,,0.5323400497436523,728,379,742,415
19,68,2,Player,,0.7286428213119507,435,411,453,447
19,69,2,Player,,0.7247553467750549,595,200,608,230
19,70,2,Player,,0.7053025960922241,454,476,469,515
19,71,2,Player,,0.7198219895362854,927,489,943,529
19,72,2,Player,,0.7575633525848389,467,341,483,375
19,73,2,Player,,0.7633454203605652,565,239,578,269
19,74,2,Player,,0.41594552993774414,968,297,986,335
19,75,2,Player,,0.7815936207771301,996,344,1012,380
19,76,3,Ref,,,611,138,624,166
19,77,2,Player,,0.7380357980728149,721,350,742,383
19,78,2,Player,,0.6276289820671082,978,342,992,375
20,2,2,Player,,,451,287,468,318
20,3,2,Player,,,417,190,435,217
20,4,2,Player,,,952,379,964,412
20,5,1,Keeper,,,103,307,119,343
20,6,2,Player,,,876,418,893,460
20,7,2,Player,Team A,0.7366982698440552,517,299,532,334
20,8,2,Player,,,620,358,632,391
20,9,2,Player,,,553,301,566,332
20,10,2,Player,,0.7248982191085815,700,323,713,357
20,11,2,Player,,,584,365,598,399
20,12,2,Player,,,906,319,916,343
20,13,2,Player,,,335,520,347,554
20,14,2,Player,,,761,207,776,240
20,15,2,Player,,,867,618,882,659
20,16,2,Player,,,945,524,960,561
20,17,2,Player,,,488,246,501,270
20,18,2,Player,,,528,206,537,224
20,20,2,Player,,,729,457,744,496
20,22,2,Player,,,932,254,944,283
20,24,2,Player,,,813,202,829,232
20,38,2,Player,,0.6937984824180603,964,296,979,332
20,47,3,Ref,,,506,135,516,156
20,48,2,Player,,,966,252,977,279
20,57,2,Player,,,600,255,612,285
20,59,2,Player,Team B,0.7156058549880981,457,531,474,572
20,60,2,Player,Team B,0.8120457530021667,862,419,881,454
20,61,1,Keeper,,0.7623074650764465,129,321,147,357
20,62,2,Player,Team A,0.7666379809379578,874,503,889,544
20,63,2,Player,,0.7733811736106873,754,319,767,352
20,64,2,Player,Team B,0.7663098573684692,830,369,843,405
20,65,2,Player,,0.63239586353302,600,331,615,360
20,66,2,Player,Team A,0.7647150754928589,640,378,655,415
20,67,3,Ref,,0.5692819952964783,728,379,743,415
20,68,2,Player,Team A,0.7075988054275513,433,411,451,447
20,69,2,Player,,0.7200239896774292,596,200,608,230
20,70,2,Player,Team A,0.7064885497093201,454,477,468,514
20,71,2,Player,Team B,0.7297345399856567,926,490,943,529
20,72,2,Player,Team A,0.7218261361122131,466,341,482,375
20,73,2,Player,Team A,0.7637702822685242,565,238,578,269
20,74,2,Player,Team A,,969,296,988,335
20,75,2,Player,Team B,0.7797183990478516,996,345,1012,381
20,76,3,Ref,,,611,138,624,166
20,77,2,Player,,0.7337566614151001,723,349,743,383
20,78,2,Player,Team A,0.6158238649368286,979,342,992,374
21,2,2,Player,,,452,287,469,318
21,3,2,Player,,,417,190,434,217
21,4,2,Player,,,952,379,964,412
21,5,1,Keeper,,,103,307,119,343
21,6,2,Player,,,876,418,893,460
21,7,2,Player,Team A,0.738418459892273,517,299,532,335
21,8,2,Player,,,620,358,632,391
21,9,2,Player,,,553,301,566,332
21,10,2,Player,,0.7329689264297485,700,323,713,357
21,11,2,Player,,,585,365,598,399
21,12,2,Player,,,905,319,915,343
21,13,2,Player,,,335,520,347,553
21,14,2,Player,,,759,208,774,241
21,15,2,Player,,,866,618,882,659
21,16,2,Player,,,945,524,960,561
21,17,2,Player,,,490,246,503,270
21,18,2,Player,,,528,206,536,223
21,20,2,Player,,,729,457,744,496
21,22,2,Player,,,931,254,944,283
21,24,2,Player,,,811,202,827,232
21,38,2,Player,,0.6825073957443237,965,295,980,332
21,47,3,Ref,,,506,135,516,156
21,48,2,Player,,,966,252,976,279
21,57,2,Player,,,601,254,613,284
21,59,2,Player,Team B,0.7670873403549194,457,530,475,571
21,60,2,Player,Team B,0.797378659248352,864,421,883,457
21,61,1,Keeper,,0.746833860874176,130,322,148,357
21,62,2,Player,Team A,0.7460886836051941,874,504,889,544
21,63,2,Player,,0.7612662315368652,754,319,767,353
21,64,2,Player,Team B,0.7668818831443787,830,369,843,405
21,65,2,Player,,0.7180279493331909,602,330,617,360
21,66,2,Player,Team A,0.7684328556060791,639,379,654,415
21,67,3,Ref,,0.6232516765594482,728,380,744,416
21,68,2,Player,Team A,0.6970272064208984,432,411,450,447
21,69,2,Player,,0.723183274269104,596,200,609,230
21,70,2,Player,Team A,0.7034792304039001,453,477,468,514
21,71,2,Player,Team B,0.720460832118988,926,492,942,532
21,72,2,Player,Team A,0.7073676586151123,466,341,481,375
21,73,2,Player,Team A,0.764021098613739,565,238,578,269
21,74,2,Player,Team A,0.3605594336986542,973,298,991,336
21,75,2,Player,Team B,0.778160572052002,997,345,1013,382
21,76,3,Ref,,,611,138,624,165
21,77,2,Player,,0.6249005198478699,726,350,745,383
21,78,2,Player,Team A,0.61857670545578,979,342,992,374
22,2,2,Player,,,453,287,470,318
22,3,2,Player,,,416,190,434,217
22,4,2,Player,,,952,379,964,411
22,5,1,Keeper,,,103,307,120,343
22,6,2,Player,,,876,418,893,460
22,7,2,Player,Team A,0.7302150726318359,517,299,532,335
22,8,2,Player,,,620,358,632,391
22,9,2,Player,,,553,301,566,332
22,10,2,Player,,0.7528412342071533,700,324,713,358
22,11,2,Player,,,585,364,599,399
22,12,2,Player,,,905,319,915,343
22,13,2,Player,,,335,520,348,553
22,14,2,Player,,,757,208,773,242
22,15,2,Player,,,866,617,882,658
22,16,2,Player,,,945,524,959,561
22,17,2,Player,,,491,246,504,269
22,18,2,Player,,,527,205,535,223
22,20,2,Player,,,729,457,744,495
22,22,2,Player,,,931,254,943,283
22,24,2,Player,,,809,202,825,232
22,38,2,Player,,0.6568273901939392,966,295,981,331
22,47,3,Ref,,,506,135,516,156
22,48,2,Player,,,965,252,976,279
22,57,2,Player,,,602,254,613,284
22,59,2,Player,Team B,0.7708033919334412,458,529,475,569
22,60,2,Player,Team B,0.7918224334716797,866,423,886,458
22,61,1,Keeper,,0.7354056239128113,130,324,148,358
22,62,2,Player,Team A,0.7450851798057556,874,505,889,545
22,63,2,Player,,0.7428522706031799,754,320,767,353
22,64,2,Player,Team B,0.7667673230171204,830,369,843,405
22,65,2,Player,,0.748532772064209,603,330,620,361
22,66,2,Player,Team A,0.7702088356018066,639,379,654,416
22,67,3,Ref,,0.6277272701263428,729,381,744,417
22,68,2,Player,Team A,0.6953465342521667,431,411,449,448
22,69,2,Player,,0.7286330461502075,597,200,609,230
22,70,2,Player,Team A,0.7189656496047974,453,477,468,514
22,71,2,Player,Team B,0.7334969639778137,925,493,942,533
22,72,2,Player,Team A,0.7054791450500488,465,341,480,375
22,73,2,Player,Team A,0.7614336609840393,565,238,578,269
22,74,2,Player,Team A,0.4957599341869354,975,298,993,338
22,75,2,Player,Team B,0.7681810855865479,997,346,1013,382
22,76,3,Ref,,,610,137,624,165
22,77,2,Player,,0.7561817765235901,728,350,748,384
22,78,2,Player,Team A,0.6165940761566162,978,341,992,374
23,2,2,Player,,,454,287,471,318
23,3,2,Player,,,416,190,433,217
23,4,2,Player,,,952,379,964,411
23,5,1,Keeper,,,103,307,120,343
23,6,2,Player,,,875,418,893,460
23,7,2,Player,Team A,0.7293111085891724,517,299,531,335
23,8,2,Player,,,620,358,632,391
23,9,2,Player,,,553,301,565,332
23,10,2,Player,,0.7538703680038452,700,324,713,358
23,11,2,Player,,,585,364,599,399
23,12,2,Player,,,904,319,914,343
23,13,2,Player,,,336,520,348,552
23,14,2,Player,,,756,209,771,243
23,15,2,Player,,,865,617,881,658
23,16,2,Player,,,945,524,959,561
23,17,2,Player,,,493,245,506,269
23,18,2,Player,,,526,205,535,222
23,20,2,Player,,,729,457,744,495
23,22,2,Player,,,930,253,942,283
23,24,2,Player,,,807,202,823,233
23,38,2,Player,,0.6430623531341553,966,296,982,331
23,47,3,Ref,,,506,135,516,156
23,48,2,Player,,,965,252,975,278
23,57,2,Player,,,602,253,614,283
23,59,2,Player,Team B,0.759339451789856,459,528,476,568
23,60,2,Player,Team B,0.7338604927062988,867,423,888,459
23,61,1,Keeper,,0.7158673405647278,129,326,148,359
23,62,2,Player,Team A,0.73519366979599,873,505,889,546
23,63,2,Player,Team A,0.7359158992767334,754,320,767,352
23,64,2,Player,Team B,0.766045868396759,830,370,843,405
23,65,2,Player,,0.7283062934875488,605,329,621,361
23,66,2,Player,Team A,0.7664685249328613,639,380,654,416
23,67,3,Ref,,0.6293764114379883,729,382,744,418
23,68,2,Player,Team A,0.701220691204071,430,411,447,449
23,69,2,Player,,0.7364392876625061,597,200,610,230
23,70,2,Player,Team A,0.7352044582366943,452,477,467,514
23,71,2,Player,Team B,0.7365689277648926,925,495,941,534
23,72,2,Player,Team A,0.7155506610870361,465,340,480,375
23,73,2,Player,Team A,0.7638441920280457,565,238,578,269
23,74,2,Player,Team A,0.521165132522583,977,299,995,339
23,75,2,Player,Team B,0.7632580995559692,998,346,1014,383
23,76,3,Ref,,,610,137,624,165
23,77,2,Player,,0.7756014466285706,730,350,750,384
23,78,2,Player,Team A,0.6214970946311951,978,341,992,374
24,2,2,Player,,,455,287,472,318
24,3,2,Player,,,415,190,433,217
24,4,2,Player,,,952,378,964,411
24,5,1,Keeper,,,103,307,120,343
24,6,2,Player,,,875,418,893,460
24,7,2,Player,Team A,0.7269439697265625,516,299,531,335
24,8,2,Player,,,620,358,632,391
24,9,2,Player,,,553,301,565,332
24,10,2,Player,,0.7522563338279724,699,324,712,358
24,11,2,Player,,,586,364,599,398
24,12,2,Player,,,904,319,913,343
24,13,2,Player,,,336,519,348,552
24,14,2,Player,,,754,210,770,244
24,15,2,Player,,,865,617,881,658
24,16,2,Player,,,945,524,959,561
24,17,2,Player,,,494,245,507,268
24,18,2,Player,,,526,205,534,222
24,20,2,Player,,,729,457,744,495
24,22,2,Player,,,929,253,941,283
24,24,2,Player,,,805,202,821,233
24,38,2,Player,Team A,0.6126266717910767,967,296,983,332
24,47,3,Ref,,,507,135,516,156
24,48,2,Player,,,964,251,975,278
24,57,2,Player,,,603,253,615,283
24,59,2,Player,Team B,0.73963862657547,460,527,477,568
24,60,2,Player,Team B,0.7624619603157043,872,424,891,459
24,61,1,Keeper,,0.700169563293457,129,327,148,359
24,62,2,Player,Team A,0.700823962688446,873,505,888,546
24,63,2,Player,Team A,0.7283369898796082,754,320,767,353
24,64,2,Player,Team B,0.7689419984817505,830,370,843,405
24,65,2,Player,,0.7060410976409912,607,329,623,361
24,66,2,Player,Team A,0.7637060284614563,638,380,654,416
24,67,3,Ref,,0.6502223610877991,729,383,744,419
24,68,2,Player,Team A,0.6884143352508545,430,412,446,449
24,69,2,Player,,0.7434847354888916,598,200,610,229
24,70,2,Player,Team A,0.7437828779220581,452,477,467,514
24,71,2,Player,Team B,0.7418243288993835,925,496,940,535
24,72,2,Player,Team A,0.7171322107315063,464,340,479,375
24,73,2,Player,Team A,0.7566882371902466,565,237,578,268
24,74,2,Player,Team A,0.499674528837204,979,298,995,336
24,75,2,Player,Team B,0.7331877946853638,998,346,1015,384
24,76,3,Ref,,,610,137,624,165
24,77,2,Player,,0.7650406360626221,733,350,752,384
24,78,2,Player,Team A,0.6539567708969116,978,341,992,375
25,2,2,Player,,,456,287,473,318
25,3,2,Player,,,415,190,432,217
25,4,2,Player,,,952,378,963,410
25,5,1,Keeper,,,104,307,120,343
25,6,2,Player,,,875,418,893,460
25,7,2,Player,Team A,0.7267781496047974,516,300,531,335
25,8,2,Player,,,620,357,631,391
25,9,2,Player,,,553,301,565,332
25,10,2,Player,,0.7291645407676697,699,324,712,358
25,11,2,Player,,,586,364,599,398
25,12,2,Player,,,903,319,913,343
25,13,2,Player,,,336,519,348,552
25,14,2,Player,,,753,210,768,245
25,15,2,Player,,,865,617,880,658
25,16,2,Player,,,945,524,959,560
25,17,2,Player,,,496,245,508,268
25,18,2,Player,,,525,204,533,221
25,20,2,Player,,,729,456,744,495
25,22,2,Player,,,928,253,940,283
25,24,2,Player,,,803,202,819,233
25,38,2,Player,Team A,0.6112686395645142,968,296,983,332
25,47,3,Ref,,,507,135,517,156
25,48,2,Player,,,964,251,974,278
25,57,2,Player,,,603,252,615,283
25,59,2,Player,Team B,0.7239718437194824,461,526,478,568
25,60,2,Player,Team B,0.7343935370445251,875,424,894,458
25,61,1,Keeper,,0.7038142085075378,128,329,147,360
25,62,2,Player,Team A,0.6278338432312012,872,505,888,546
25,63,2,Player,Team A,0.7279837727546692,754,320,767,353
25,64,2,Player,Team B,0.7678343057632446,830,370,843,405
25,65,2,Player,,0.7243496775627136,608,330,624,361
25,66,2,Player,Team A,0.7474325299263,638,380,653,416
25,67,3,Ref,,0.6581776142120361,729,383,744,419
25,68,2,Player,Team A,0.6561018824577332,429,414,444,448
25,69,2,Player,,0.7417208552360535,598,200,610,229
25,70,2,Player,Team A,0.7449913620948792,451,477,467,514
25,71,2,Player,Team B,0.762203574180603,923,497,939,535
25,72,2,Player,Team A,0.7206541895866394,464,340,478,375
25,73,2,Player,Team A,0.7561330199241638,565,237,578,268
25,74,2,Player,Team A,0.42174196243286133,981,298,997,335
25,75,2,Player,Team B,0.6961236596107483,999,346,1015,384
25,76,3,Ref,,,610,137,623,164
25,77,2,Player,,0.7355731725692749,736,351,754,383
25,78,2,Player,Team A,0.6520385146141052,978,340,992,375
26,2,2,Player,,,457,287,474,318
26,3,2,Player,,,414,190,432,217
26,4,2,Player,,,952,378,963,410
26,5,1,Keeper,,,104,307,120,343
26,6,2,Player,,,875,418,893,460
26,7,2,Player,Team A,0.7282216548919678,516,300,531,335
26,8,2,Player,,,620,357,631,390
26,9,2,Player,,,552,301,565,332
26,10,2,Player,,0.6942204236984253,699,325,712,358
26,11,2,Player,,,586,364,600,398
26,12,2,Player,,,903,319,912,343
26,13,2,Player,,,337,519,349,551
26,14,2,Player,,,751,211,767,246
26,15,2,Player,,,864,617,880,658
26,16,2,Player,,,945,524,959,560
26,17,2,Player,,,497,245,510,268
26,18,2,Player,,,524,204,532,220
26,20,2,Player,,,728,456,744,495
26,22,2,Player,,,927,253,940,283
26,24,2,Player,,,801,202,817,233
26,38,2,Player,Team A,0.6399440765380859,968,296,984,332
26,47,3,Ref,,,507,136,517,156
26,48,2,Player,,,964,251,974,278
26,57,2,Player,,,604,252,616,282
26,59,2,Player,Team B,0.7410939335823059,462,526,480,568
26,60,2,Player,Team B,0.7556301355361938,876,424,895,460
26,61,1,Keeper,,0.6932044625282288,127,331,147,360
26,62,2,Player,Team A,0.6243709325790405,872,506,887,546
26,63,2,Player,Team A,0.7325035929679871,754,320,767,353
26,64,2,Player,Team B,0.7712863087654114,830,370,843,406
26,65,2,Player,,0.7434499859809875,610,330,626,361
26,66,2,Player,Team A,0.7401511073112488,637,380,652,417
26,67,3,Ref,,0.6542797088623047,729,384,744,419
26,68,2,Player,Team A,0.6986314654350281,428,414,443,448
26,69,2,Player,,0.7437170147895813,598,201,610,229
26,70,2,Player,Team A,0.7396062612533569,451,477,466,515
26,71,2,Player,Team B,0.7663871049880981,923,497,938,535
26,72,2,Player,Team A,0.7208724617958069,463,340,477,376
26,73,2,Player,Team A,0.7699074149131775,565,237,578,268
26,74,2,Player,Team A,,982,298,998,335
26,75,2,Player,Team B,0.692500650882721,999,347,1016,384
26,76,3,Ref,,,610,136,623,164
26,77,2,Player,,0.7069886326789856,739,351,756,381
26,78,2,Player,Team A,0.6941599249839783,978,340,992,376
27,2,2,Player,,,458,287,475,318
27,3,2,Player,,,414,190,431,217
27,4,2,Player,,,952,378,963,410
27,5,1,Keeper,,,104,307,121,343
27,6,2,Player,,,875,418,893,460
27,7,2,Player,Team A,0.7295374870300293,516,300,530,336
27,8,2,Player,,,620,357,631,390
27,9,2,Player,,,552,301,565,333
27,10,2,Player,,0.6721468567848206,698,325,711,359
27,11,2,Player,,,586,364,600,398
27,12,2,Player,,,902,320,911,343
27,13,2,Player,,,337,519,349,551
27,14,2,Player,,,749,211,765,247
27,15,2,Player,,,864,616,880,657
27,16,2,Player,,,944,523,959,560
27,17,2,Player,,,499,245,511,267
27,18,2,Player,,,524,203,532,220
27,20,2,Player,,,728,456,743,495
27,22,2,Player,,,927,253,939,283
27,24,2,Player,,,799,203,815,233
27,38,2,Player,Team A,0.6396957635879517,968,296,984,332
27,47,3,Ref,,,507,136,517,156
27,48,2,Player,,,963,251,973,277
27,57,2,Player,,,605,252,616,282
27,59,2,Player,Team B,0.7531765699386597,463,526,481,568
27,60,2,Player,Team B,0.7752514481544495,877,424,897,462
27,61,1,Keeper,,0.684219241142273,127,333,147,360
27,62,2,Player,Team A,0.6225612759590149,871,507,886,547
27,63,2,Player,Team A,0.7370746731758118,753,321,766,353
27,64,2,Player,Team B,0.7738783955574036,830,371,843,406
27,65,2,Player,,0.7525754570960999,612,331,627,362
27,66,2,Player,Team A,0.7296528816223145,636,381,651,418
27,67,3,Ref,,0.6351567506790161,729,384,744,420
27,68,2,Player,Team A,0.7226118445396423,426,415,441,449
27,69,2,Player,,0.7431584596633911,598,201,610,230
27,70,2,Player,Team A,0.7337086796760559,450,477,466,515
27,71,2,Player,Team B,0.7636535167694092,922,498,938,535
27,72,2,Player,Team A,0.7070624828338623,463,341,476,376
27,73,2,Player,Team A,0.7581793665885925,565,237,577,268
27,74,2,Player,Team A,0.3140193521976471,984,300,999,337
27,75,2,Player,Team B,0.7200060486793518,1000,347,1017,385
27,76,3,Ref,,,610,136,623,164
27,77,2,Player,,0.6525651812553406,742,351,759,383
27,78,2,Player,Team A,0.6969553828239441,978,341,992,376
28,2,2,Player,,,459,287,476,318
28,3,2,Player,,,413,190,431,217
28,4,2,Player,,,952,378,963,409
28,5,1,Keeper,,,104,307,121,343
28,6,2,Player,,,875,418,893,460
28,7,2,Player,Team A,0.7229979038238525,516,300,530,336
28,8,2,Player,,,620,357,631,390
28,9,2,Player,,,552,302,565,333
28,10,2,Player,,0.6157650351524353,698,326,711,360
28,11,2,Player,,,587,364,600,398
28,12,2,Player,,,901,320,911,343
28,13,2,Player,,,337,518,349,550
28,14,2,Player,,,748,212,764,248
28,15,2,Player,,,863,616,879,657
28,16,2,Player,,,944,523,958,560
28,17,2,Player,,,500,244,513,267
28,18,2,Player,,,523,203,531,219
28,20,2,Player,,,728,456,743,495
28,22,2,Player,,,926,253,938,283
28,24,2,Player,,,797,203,813,234
28,38,2,Player,Team A,0.6414313316345215,969,297,984,333
28,47,3,Ref,,,507,136,517,157
28,48,2,Player,,,963,251,973,277
28,57,2,Player,,,605,251,617,281
28,59,2,Player,Team B,0.7525642514228821,463,526,481,568
28,60,2,Player,Team B,0.7613570690155029,878,425,898,462
28,61,1,Keeper,,0.6856693625450134,125,333,147,361
28,62,2,Player,Team A,0.6577528715133667,871,507,886,548
28,63,2,Player,Team A,0.759698748588562,753,321,766,355
28,64,2,Player,Team B,0.7837464809417725,829,372,842,408
28,65,2,Player,,0.7484127283096313,613,333,629,363
28,66,2,Player,Team A,0.7208276987075806,635,382,650,419
28,67,3,Ref,,0.5282143354415894,729,386,743,420
28,68,2,Player,Team A,0.7328617572784424,425,416,440,450
28,69,2,Player,,0.7457295656204224,598,202,610,231
28,70,2,Player,Team A,0.7395870685577393,449,478,465,516
28,71,2,Player,Team B,0.7406331300735474,921,499,937,536
28,72,2,Player,Team A,0.7292230129241943,462,342,476,377
28,73,2,Player,Team A,0.7608914375305176,565,237,577,268
28,74,2,Player,Team A,0.6317154765129089,985,301,1000,337
28,75,2,Player,Team B,0.7323961853981018,1000,348,1017,385
28,76,3,Ref,,,610,136,623,164
28,77,2,Player,,0.375327467918396,745,352,762,384
28,78,2,Player,Team A,0.7116601467132568,978,340,993,377
29,2,2,Player,,,460,287,477,318
29,3,2,Player,,,413,190,430,217
29,4,2,Player,,,952,378,963,409
29,5,1,Keeper,,,104,307,121,343
29,6,2,Player,,,875,417,893,460
29,7,2,Player,Team A,0.7229266166687012,516,300,530,336
29,8,2,Player,,,620,357,631,390
29,9,2,Player,,,552,302,564,333
29,10,2,Player,,0.6228280663490295,697,327,710,362
29,11,2,Player,,,587,363,600,398
29,12,2,Player,,,901,320,910,343
29,13,2,Player,,,338,518,350,550
29,14,2,Player,,,746,213,762,249
29,15,2,Player,,,863,616,879,657
29,16,2,Player,,,944,523,958,560
29,17,2,Player,,,502,244,514,266
29,18,2,Player,,,522,203,530,219
29,20,2,Player,,,728,456,743,494
29,22,2,Player,,,925,253,937,283
29,24,2,Player,,,794,203,811,234
29,38,2,Player,Team A,0.6453241109848022,969,297,984,333
29,47,3,Ref,,,508,136,517,157
29,48,2,Player,,,962,251,972,277
29,57,2,Player,,,606,251,618,281
29,59,2,Player,Team B,0.7536411881446838,464,526,482,569
29,60,2,Player,Team B,0.7614618539810181,880,425,899,461
29,61,1,Keeper,,0.6946690678596497,124,334,145,362
29,62,2,Player,Team A,0.6601622700691223,871,508,886,549
29,63,2,Player,Team A,0.7546879649162292,753,322,767,356
29,64,2,Player,Team B,0.7834882140159607,829,374,842,409
29,65,2,Player,,0.6920533180236816,616,334,631,365
29,66,2,Player,Team A,0.7013245820999146,634,383,649,419
29,67,3,Ref,,0.5426633358001709,729,387,743,420
29,68,2,Player,Team A,0.7406769394874573,424,416,440,451
29,69,2,Player,,0.7440046668052673,598,203,610,232
29,70,2,Player,Team A,0.7411943674087524,449,478,465,516
29,71,2,Player,Team B,0.7205203771591187,921,499,936,537
29,72,2,Player,Team A,0.7363232970237732,461,343,475,378
29,73,2,Player,Team A,0.7623024582862854,565,237,577,268
29,74,2,Player,Team A,0.7331008911132812,987,303,1002,337
29,75,2,Player,Team B,0.737814724445343,1001,349,1017,385
29,76,3,Ref,,,610,136,623,164
29,77,2,Player,,0.44516634941101074,747,352,764,385
29,78,2,Player,Team A,0.7097059488296509,978,341,993,378
30,2,2,Player,,,461,287,478,318
30,3,2,Player,,,412,190,430,217
30,4,2,Player,,,952,377,963,409
30,5,1,Keeper,,,105,307,121,343
30,6,2,Player,,,875,417,893,460
30,7,2,Player,Team A,0.7237794995307922,516,301,530,337
30,8,2,Player,,,620,357,631,390
30,9,2,Player,,,552,302,564,333
30,10,2,Player,,0.672795832157135,696,328,709,362
30,11,2,Player,,,587,363,601,398
30,12,2,Player,,,900,320,909,343
30,13,2,Player,,,338,518,350,549
30,14,2,Player,,,744,213,761,250
30,15,2,Player,,,862,616,878,657
30,16,2,Player,,,944,523,958,560
30,17,2,Player,,,503,244,516,266
30,18,2,Player,,,522,202,529,218
30,20,2,Player,,,728,456,743,494
30,22,2,Player,,,924,253,936,282
30,24,2,Player,,,792,203,809,234
30,38,2,Player,Team A,0.6447852253913879,969,298,985,333
30,47,3,Ref,,,508,136,517,157
30,48,2,Player,,,962,251,972,277
30,57,2,Player,,,606,250,618,281
30,59,2,Player,Team B,0.7495711445808411,464,526,482,569
30,60,2,Player,Team B,0.7582939863204956,883,426,900,461
30,61,1,Keeper,,0.6135244369506836,123,335,145,363
30,62,2,Player,Team A,0.6532538533210754,870,508,886,550
30,63,2,Player,Team A,0.6864932179450989,754,322,767,355
30,64,2,Player,Team B,0.787057101726532,829,374,842,411
30,65,2,Player,,0.6862128376960754,619,335,634,365
30,66,2,Player,Team A,0.6721717119216919,634,383,649,419
30,67,3,Ref,,0.5552867650985718,729,387,743,420
30,68,2,Player,Team A,0.7425591945648193,423,416,440,451
30,69,2,Player,,0.7435358166694641,598,203,610,232
30,70,2,Player,Team A,0.7418868541717529,448,479,464,515
30,71,2,Player,Team B,0.631539523601532,920,500,936,538
30,72,2,Player,Team A,0.7518669962882996,461,343,475,379
30,73,2,Player,Team A,0.763058602809906,565,237,577,268
30,74,2,Player,Team A,0.7234640717506409,988,303,1003,338
30,75,2,Player,Team B,0.737789511680603,1001,349,1018,385
30,76,3,Ref,,,610,135,623,163
30,77,2,Player,,0.6970394849777222,749,353,766,384
30,78,2,Player,Team A,0.6980981826782227,978,341,993,378
31,2,2,Player,,,462,287,479,318
31,3,2,Player,,,411,190,429,218
31,4,2,Player,,,952,377,963,408
31,5,1,Keeper,,,105,307,121,343
31,6,2,Player,,,875,417,893,460
31,7,2,Player,Team A,0.7243356108665466,516,301,530,337
31,8,2,Player,,,619,357,631,389
31,9,2,Player,,,552,302,564,333
31,10,2,Player,,0.7423469424247742,695,327,709,362
31,11,2,Player,,,587,363,601,397
31,12,2,Player,,,900,320,909,342
31,13,2,Player,,,338,518,350,549
31,14,2,Player,,,743,214,759,251
31,15,2,Player,,,862,615,878,656
31,16,2,Player,,,944,523,958,559
31,17,2,Player,,,505,244,517,266
31,18,2,Player,,,521,202,529,218
31,20,2,Player,,,728,456,743,494
31,22,2,Player,,,924,253,936,282
31,24,2,Player,,,790,203,807,234
31,38,2,Player,Team A,0.6571938991546631,970,297,985,333
31,47,3,Ref,,,508,136,518,157
31,48,2,Player,,,961,251,971,276
31,57,2,Player,,,607,250,619,280
31,59,2,Player,Team B,0.7469772696495056,465,525,483,568
31,60,2,Player,Team B,0.7082531452178955,885,426,902,462
31,61,1,Keeper,,0.3926432430744171,121,335,143,363
31,62,2,Player,Team A,0.6696102619171143,870,509,886,552
31,63,2,Player,Team A,0.6811330914497375,754,322,767,356
31,64,2,Player,Team B,0.7749159932136536,828,375,841,411
31,65,2,Player,,0.7268821001052856,621,335,636,366
31,66,2,Player,Team A,0.6117222309112549,634,383,648,420
31,67,3,Ref,,0.5238132476806641,728,388,742,420
31,68,2,Player,Team A,0.7579259872436523,422,417,439,451
31,69,2,Player,,0.7410470843315125,598,204,610,232
31,70,2,Player,Team A,0.7530717253684998,448,479,464,516
31,71,2,Player,Team B,0.7168355584144592,919,500,935,539
31,72,2,Player,Team A,0.7567949891090393,460,343,474,379
31,73,2,Player,Team A,0.7635282278060913,565,237,577,267
31,74,2,Player,Team A,0.7180435061454773,989,302,1004,338
31,75,2,Player,Team B,0.7371113896369934,1002,350,1018,385
31,76,3,Ref,,,610,135,623,163
31,77,2,Player,,0.5785370469093323,751,353,767,384
31,78,2,Player,Team A,0.6950981020927429,979,341,993,378
32,2,2,Player,,,463,287,480,318
32,3,2,Player,,,411,190,429,218
32,4,2,Player,,,952,377,963,408
32,5,1,Keeper,,,105,307,122,343
32,6,2,Player,,,875,417,893,460
32,7,2,Player,Team A,0.725088357925415,516,301,530,337
32,8,2,Player,,,619,357,631,389
32,9,2,Player,,,551,302,564,333
32,10,2,Player,,0.7569005489349365,695,328,709,363
32,11,2,Player,,,588,363,601,397
32,12,2,Player,,,899,320,908,342
32,13,2,Player,,,339,517,350,548
32,14,2,Player,,,741,214,758,252
32,15,2,Player,,,862,615,878,656
32,16,2,Player,,,944,523,958,559
32,17,2,Player,,,506,243,518,265
32,18,2,Player,,,521,202,528,217
32,20,2,Player,,,728,455,743,494
32,22,2,Player,,,923,253,935,282
32,24,2,Player,,,788,203,805,234
32,38,2,Player,Team A,0.687349259853363,970,297,985,333
32,47,3,Ref,,,508,137,518,157
32,48,2,Player,,,961,251,971,276
32,57,2,Player,,,608,250,620,280
32,59,2,Player,Team B,0.7432988882064819,465,525,483,568
32,60,2,Player,Team B,0.6183350682258606,886,427,903,463
32,61,1,Keeper,,0.3603978157043457,120,335,143,363
32,62,2,Player,Team A,0.6999508142471313,870,510,886,553
32,63,2,Player,Team A,0.6657732725143433,754,322,767,356
32,64,2,Player,Team B,0.7801961302757263,828,375,841,411
32,65,2,Player,,0.7457409501075745,622,335,637,366
32,66,2,Player,Team A,0.5966737866401672,633,383,648,421
32,67,3,Ref,,0.5485997796058655,728,389,742,420
32,68,2,Player,Team A,0.7735100388526917,422,417,439,452
32,69,2,Player,,0.7350445985794067,598,204,610,232
32,70,2,Player,Team A,0.754393458366394,448,480,464,516
32,71,2,Player,Team B,0.7062740325927734,918,500,935,541
32,72,2,Player,Team A,0.7538380026817322,460,344,474,379
32,73,2,Player,Team A,0.7632744908332825,565,237,577,267
32,74,2,Player,Team A,0.7132209539413452,990,303,1006,338
32,75,2,Player,Team B,0.7395220398902893,1002,350,1018,385
32,76,3,Ref,,,610,135,623,163
32,77,2,Player,,0.74009770154953,753,353,769,384
32,78,2,Player,Team A,0.6966800093650818,979,342,992,378
33,2,2,Player,,,464,287,481,318
33,3,2,Player,,,410,190,428,218
33,4,2,Player,,,952,377,963,407
33,5,1,Keeper,,,105,307,122,343
33,6,2,Player,,,874,417,893,460
33,7,2,Player,Team A,0.7248430252075195,516,301,530,337
33,8,2,Player,,,619,356,631,389
33,9,2,Player,,,551,302,564,333
33,10,2,Player,,0.7367798089981079,695,328,709,363
33,11,2,Player,,,588,363,601,397
33,12,2,Player,,,899,321,907,342
33,13,2,Player,,,339,517,351,548
33,14,2,Player,,,739,215,756,253
33,15,2,Player,,,861,615,877,656
33,16,2,Player,,,944,523,957,559
33,17,2,Player,,,508,243,520,265
33,18,2,Player,,,520,201,527,216
33,20,2,Player,,,728,455,742,494
33,22,2,Player,,,922,253,934,282
33,24,2,Player,,,786,203,803,234
33,38,2,Player,Team A,0.7429532408714294,970,297,986,333
33,47,3,Ref,,,508,137,518,157
33,48,2,Player,,,960,250,970,276
33,57,2,Player,,,608,249,620,280
33,59,2,Player,Team B,0.7335931062698364,466,524,483,567
33,60,2,Player,Team B,0.6981754302978516,889,428,905,463
33,61,1,Keeper,,0.5518614649772644,121,335,143,362
33,62,2,Player,Team A,0.7177643179893494,870,511,886,554
33,63,2,Player,Team A,0.6856302618980408,755,322,768,355
33,64,2,Player,Team B,0.7806007862091064,828,375,841,412
33,65,2,Player,,0.7694432735443115,624,335,639,366
33,66,2,Player,Team A,0.6138269305229187,633,384,648,422
33,67,3,Ref,,0.5169157981872559,728,389,742,421
33,68,2,Player,Team A,0.774760901927948,421,417,439,452
33,69,2,Player,Team B,0.7192873358726501,599,205,610,232
33,70,2,Player,Team A,0.7499792575836182,448,481,464,517
33,71,2,Player,Team B,0.6932563185691833,918,502,935,543
33,72,2,Player,Team A,0.7570235729217529,460,344,474,379
33,73,2,Player,Team A,0.7631192803382874,565,237,577,267
33,74,2,Player,Team A,0.7068989872932434,992,305,1007,338
33,75,2,Player,Team B,0.7507175803184509,1003,351,1019,386
33,76,3,Ref,,,609,135,623,163
33,77,2,Player,,0.5821924805641174,754,354,770,385
33,78,2,Player,Team A,0.6952115893363953,979,342,993,379
34,2,2,Player,,,465,287,482,318
34,3,2,Player,,,410,190,428,218
34,4,2,Player,,,952,377,963,407
34,5,1,Keeper,,,105,306,122,343
34,6,2,Player,,,874,417,893,460
34,7,2,Player,Team A,0.7165014147758484,517,301,530,337
34,8,2,Player,,,619,356,630,389
34,9,2,Player,,,551,302,564,333
34,10,2,Player,,0.7388690710067749,695,328,709,363
34,11,2,Player,,,588,363,602,397
34,12,2,Player,,,898,321,907,342
34,13,2,Player,,,339,517,351,548
34,14,2,Player,,,738,216,755,254
34,15,2,Player,,,861,615,877,656
34,16,2,Player,,,943,523,957,559
34,17,2,Player,,,509,243,521,264
34,18,2,Player,,,519,201,526,216
34,20,2,Player,,,727,455,742,494
34,22,2,Player,,,921,253,933,282
34,24,2,Player,,,784,203,801,235
34,38,2,Player,Team A,0.7665444016456604,971,297,988,333
34,47,3,Ref,,,509,137,518,157
34,48,2,Player,,,960,250,970,276
34,57,2,Player,,,609,249,621,279
34,59,2,Player,Team B,0.735442578792572,467,523,484,565
34,60,2,Player,Team B,0.74277263879776,891,429,907,464
34,61,1,Keeper,,0.4193611145019531,120,335,143,363
34,62,2,Player,Team A,0.722034215927124,870,512,886,555
34,63,2,Player,Team A,0.7526050209999084,755,322,769,355
34,64,2,Player,Team B,0.7829067707061768,828,376,841,413
34,65,2,Player,,0.7563979625701904,625,334,640,365
34,66,2,Player,Team A,0.6591130495071411,633,384,648,422
34,67,3,Ref,,0.5096269845962524,729,390,743,421
34,68,2,Player,Team A,0.7678015232086182,421,417,439,452
34,69,2,Player,Team B,0.7203591465950012,599,205,611,232
34,70,2,Player,Team A,0.7608758211135864,448,482,464,517
34,71,2,Player,Team B,0.6396576166152954,918,502,935,544
34,72,2,Player,Team A,0.7545172572135925,460,344,474,379
34,73,2,Player,Team A,0.777102530002594,565,237,577,267
34,74,2,Player,Team A,0.6933615207672119,995,306,1010,338
34,75,2,Player,Team B,0.7314742207527161,1005,352,1020,387
34,76,3,Ref,,,609,134,623,163
34,77,2,Player,,0.6769008636474609,756,354,773,386
34,78,2,Player,Team A,0.678280234336853,979,341,993,379
35,2,2,Player,,,466,287,483,318
35,3,2,Player,,,409,190,427,218
35,4,2,Player,,,952,376,963,407
35,5,1,Keeper,,,106,306,122,343
35,6,2,Player,,,874,417,892,460
35,7,2,Player,Team A,0.7164636850357056,517,301,531,336
35,8,2,Player,,,619,356,630,389
35,9,2,Player,,,551,302,563,334
35,10,2,Player,,0.7251136898994446,695,328,709,362
35,11,2,Player,,,588,363,602,397
35,12,2,Player,,,897,321,906,342
35,13,2,Player,,,340,517,351,547
35,14,2,Player,,,736,216,753,255
35,15,2,Player,,,860,615,876,656
35,16,2,Player,,,943,523,957,559
35,17,2,Player,,,511,243,523,264
35,18,2,Player,,,519,200,526,215
35,20,2,Player,,,727,455,742,494
35,22,2,Player,,,920,253,932,282
35,24,2,Player,,,782,203,799,235
35,38,2,Player,Team A,0.7490128874778748,973,297,989,334
35,47,3,Ref,,,509,137,518,157
35,48,2,Player,,,959,250,969,275
35,57,2,Player,,,609,248,621,279
35,59,2,Player,Team B,0.7305470108985901,468,522,484,564
35,60,2,Player,Team B,0.7649334669113159,894,430,910,466
35,61,1,Keeper,,0.5839331150054932,119,335,143,364
35,62,2,Player,Team A,0.7139010429382324,870,513,886,555
35,63,2,Player,Team A,0.7586504817008972,756,322,770,355
35,64,2,Player,Team B,0.7715007662773132,828,376,842,413
35,65,2,Player,,0.8079622983932495,627,334,642,365
35,66,2,Player,Team A,0.6718006730079651,633,384,648,423
35,67,3,Ref,,0.6110895872116089,730,390,743,421
35,68,2,Player,Team A,0.7508938312530518,421,417,439,452
35,69,2,Player,Team B,0.701374888420105,599,205,611,232
35,70,2,Player,Team A,0.7700508832931519,448,482,464,518
35,71,2,Player,Team B,0.6003739237785339,918,503,935,545
35,72,2,Player,Team A,0.7320293188095093,460,344,474,379
35,73,2,Player,Team A,0.779702365398407,566,237,578,267
35,74,2,Player,Team A,0.6436178088188171,997,306,1012,337
35,75,2,Player,Team B,0.7205204963684082,1006,352,1022,388
35,76,3,Ref,,,609,134,623,162
35,77,2,Player,,0.7016595602035522,758,354,776,387
35,78,2,Player,Team A,0.672652542591095,980,341,994,379
36,2,2,Player,,,467,287,484,318
36,3,2,Player,,,409,190,427,218
36,4,2,Player,,,952,376,963,406
36,5,1,Keeper,,,106,306,122,343
36,6,2,Player,,,874,417,892,460
36,7,2,Player,Team A,0.7084935307502747,518,301,531,336
36,8,2,Player,,,619,356,630,388
36,9,2,Player,,,551,303,563,334
36,10,2,Player,,0.692439079284668,695,329,709,362
36,11,2,Player,,,589,362,602,397
36,12,2,Player,,,897,321,905,342
36,13,2,Player,,,340,516,351,547
36,14,2,Player,,,734,217,752,256
36,15,2,Player,,,860,614,876,655
36,16,2,Player,,,943,523,957,558
36,17,2,Player,,,512,242,524,264
36,18,2,Player,,,518,200,525,215
36,20,2,Player,,,727,455,742,493
36,22,2,Player,,,920,253,932,282
36,24,2,Player,,,780,203,797,235
36,38,2,Player,Team A,0.7159577012062073,974,297,991,334
36,47,3,Ref,,,509,137,518,157
36,48,2,Player,,,959,250,969,275
36,57,2,Player,,,610,248,622,278
36,59,2,Player,Team B,0.7237744927406311,469,521,485,563
36,60,2,Player,Team B,0.7832586169242859,896,431,913,467
36,61,1,Keeper,,0.6588407158851624,118,336,144,366
36,62,2,Player,Team A,0.6696891188621521,871,513,886,555
36,63,2,Player,Team A,0.7500858902931213,757,323,771,355
36,64,2,Player,Team B,0.7740774750709534,829,376,842,414
36,65,2,Player,,0.8064394593238831,629,334,644,365
36,66,2,Player,Team A,0.7025513648986816,633,385,648,423
36,67,3,Ref,,0.6619513630867004,730,390,744,422
36,68,2,Player,Team A,0.737970769405365,420,417,438,452
36,69,2,Player,Team B,0.5758424401283264,600,206,612,232
36,70,2,Player,Team A,0.7693392038345337,448,482,465,519
36,71,2,Player,Team B,0.6426337361335754,919,505,936,545
36,72,2,Player,Team A,0.718096137046814,460,344,474,379
36,73,2,Player,Team A,0.7725271582603455,566,236,579,267
36,74,2,Player,Team A,0.570755660533905,998,306,1013,337
36,75,2,Player,Team B,0.7148685455322266,1007,352,1023,390
36,76,3,Ref,,,609,134,623,162
36,77,2,Player,,0.7426558136940002,760,355,779,387
36,78,2,Player,Team A,0.6849557757377625,981,341,995,379
